_id,dateScanned,barcode,brandCode,purchasedItemCount,totalSpent,userId
5ff1e1eb0a720f0523000575,2021-01-03 10:25:31,4011,,5.0,26.0,5ff1e1eacfcf6c399c274ae6
5ff1e1bb0a720f052300056b,2021-01-03 10:24:43,4011,,2.0,11.0,5ff1e194b6a9d73a3a9f1052
5ff1e1f10a720f052300057a,2021-01-03 10:25:37,,,1.0,10.0,5ff1e1f1cfcf6c399c274b0b
5ff1e1ee0a7214ada100056f,2021-01-03 10:25:34,4011,,4.0,28.0,5ff1e1eacfcf6c399c274ae6
5ff1e1d20a7214ada1000561,2021-01-03 10:25:06,4011,,2.0,1.0,5ff1e194b6a9d73a3a9f1052
5ff1e1e40a7214ada1000566,2021-01-03 10:25:24,4011,,1.0,3.25,5ff1e1e4cfcf6c399c274ac3
5ff1e1cd0a720f052300056f,2021-01-03 10:25:01,,MISSION,1.0,2.23,5ff1e194b6a9d73a3a9f1052
5ff1e1a40a720f0523000569,2021-01-03 10:24:20,046000832517,BRAND,1.0,10.0,5ff1e194b6a9d73a3a9f1052
5ff1e1ed0a7214ada100056e,2021-01-03 10:25:33,4011,,5.0,20.0,5ff1e1eacfcf6c399c274ae6
5ff1e1eb0a7214ada100056b,2021-01-03 10:25:31,4011,,3.0,20.0,5ff1e1eacfcf6c399c274ae6
5ff1e1c50a720f052300056c,2021-01-03 10:24:53,4011,,1.0,1.0,5ff1e194b6a9d73a3a9f1052
5ff1e1a10a720f0523000568,2021-01-03 10:24:17,013562300631,,5.0,50.0,5ff1e194b6a9d73a3a9f1052
5ff1e1b60a7214ada100055c,2021-01-03 10:24:38,034100573065,,10.0,290.0,5ff1e194b6a9d73a3a9f1052
5f9c74f70a7214ad07000037,2020-10-30 16:17:59,075925306254,,11.0,1.0,5f9c74f7c88c1415cbddb839
5ff1e1b20a7214ada100055a,2021-01-03 10:24:34,4011,,1.0,1.0,5ff1e194b6a9d73a3a9f1052
5ff1e1e90a7214ada1000569,2021-01-03 10:25:29,,,0.0,0.0,5ff1e1e9b6a9d73a3a9f10f6
5ff1e1df0a7214ada1000564,2021-01-03 10:25:19,4011,,2.0,11.0,5ff1e1dfcfcf6c399c274ab3
5ff1e1b40a7214ada100055b,2021-01-03 10:24:36,075925306254,,1.0,1.0,5ff1e1b4cfcf6c399c274a54
5ff1e1eb0a720f0523000576,2021-01-03 10:25:31,4011,,2.0,26.0,5ff1e1eacfcf6c399c274ae6
5ff1e1c80a720f052300056d,2021-01-03 10:24:56,4011,,2.0,1.0,5ff1e194b6a9d73a3a9f1052
5f9c74f90a7214ad07000038,2020-10-30 16:18:01,075925306254,,6.0,14.0,5f9c74e3f1937815bd2c1d73
5ff1e1960a720f0523000567,2021-01-03 10:24:06,4011,,1.0,1.0,5ff1e196cfcf6c399c274a38
5ff1e1ec0a7214ada100056c,2021-01-03 10:25:32,4011,,2.0,21.0,5ff1e1eacfcf6c399c274ae6
5ff1e1d70a720f0523000571,2021-01-03 10:25:11,041000168468,,2.0,2.0,5ff1e194b6a9d73a3a9f1052
5ff1e1c60a7214ada100055e,2021-01-03 10:24:54,4011,,2.0,1.0,5ff1e194b6a9d73a3a9f1052
5ff1e1ee0a7214ada1000570,2021-01-03 10:25:34,4011,,5.0,27.0,5ff1e1eacfcf6c399c274ae6
5ff1e1cf0a720f0523000570,2021-01-03 10:25:03,4011,,2.0,1.0,5ff1e194b6a9d73a3a9f1052
5ff1e1e10a720f0523000572,2021-01-03 10:25:21,079400066619,,1.0,1.0,5ff1e194b6a9d73a3a9f1052
5ff1e1d40a7214ada1000562,2021-01-03 10:25:08,,,3.0,3.0,5ff1e194b6a9d73a3a9f1052
5ff1e1ee0a720f0523000578,2021-01-03 10:25:34,4011,,4.0,27.0,5ff1e1eacfcf6c399c274ae6
5ff371030a7214ada10005a5,2021-01-04 14:48:19,087684001127,,10.0,10.0,5ff370c562fde912123a5e0e
5ff36dcc0a720f05230005b1,2021-01-04 14:34:36,071040063102,,1.0,0.99,5ff36d0362fde912123a5535
5ff36c750a7214ada100058f,2021-01-04 14:28:53,029000079236,,9.0,89.91,5ff36be7135e7011bcb856d3
5ff36d860a720f05230005a7,2021-01-04 14:33:26,041129002292,,1.0,1.0,54943462e4b07e684157a532
5ff36d9f0a720f05230005ab,2021-01-04 14:33:51,043000946060,,1.0,1.0,5ff36d0362fde912123a5535
5ff36adb0a720f0523000590,2021-01-04 14:22:03,044700009888,,5.0,49.95,5ff36a3862fde912123a4460
5ff36da00a7214ada100059b,2021-01-04 14:33:52,021000012961,,1.0,1.0,5ff36d0362fde912123a5535
5ff36dc40a7214ada100059f,2021-01-04 14:34:28,021000678358,,9.0,89.91,5ff36d0362fde912123a5535
5ff3710b0a7214ada10005a7,2021-01-04 14:48:27,044700033302,,9.0,89.91,5ff370c562fde912123a5e0e
5ff36d780a7214ada1000593,2021-01-04 14:33:12,021000059232,,1.0,10.0,5ff36d78135e7011bcb86488
5ff371410a7214ada10005ba,2021-01-04 14:49:21,043000004944,,1.0,1.0,5ff370c562fde912123a5e0e
5ff36c8b0a720f05230005a1,2021-01-04 14:29:15,759283400082,,1.0,1.0,54943462e4b07e684157a532
5ff36c550a7214ada1000588,2021-01-04 14:28:21,025800000135,,5.0,25.0,5ff36be7135e7011bcb856d3
5ff36acb0a720f052300058d,2021-01-04 14:21:47,043000043486,,9.0,89.91,5ff36a3862fde912123a4460
5ff371450a7214ada10005bd,2021-01-04 14:49:25,029000024748,,5.0,49.95,5ff370c562fde912123a5e0e
5ff36d9d0a720f05230005aa,2021-01-04 14:33:49,044700002810,,5.0,25.0,5ff36d0362fde912123a5535
5ff36c590a7214ada1000589,2021-01-04 14:28:25,043000079904,,5.0,25.0,5ff36be7135e7011bcb856d3
5ff29be20a7214ada1000571,2021-01-03 23:38:58,044000000745,KRAFT EASY CHEESE,1.0,1.0,5964eb07e4b03efd0c0f267b
5ff3416f0a7214ada1000576,2021-01-04 11:25:19,,,1.0,28.57,5c3388caea88e15513a95069
5ff36c6d0a720f0523000597,2021-01-04 14:28:45,046704085905,,4.0,18.2,5ff36be7135e7011bcb856d3
5ff36a830a7214ada100057b,2021-01-04 14:20:35,021000057832,,1.0,1.0,5ff36a3862fde912123a4460
5ff36c570a720f0523000593,2021-01-04 14:28:23,021000002917,,1.0,10.0,5ff36be7135e7011bcb856d3
5ff3713c0a7214ada10005b6,2021-01-04 14:49:16,044700019917,,1.0,10.0,5ff370c562fde912123a5e0e
5ff371130a7214ada10005aa,2021-01-04 14:48:35,043000035818,,1.0,0.99,5ff370c562fde912123a5e0e
5ff370f00a7214ada10005a3,2021-01-04 14:48:00,070085046583,,5.0,49.95,5ff370c562fde912123a5e0e
5ff371240a7214ada10005b3,2021-01-04 14:48:52,044700073377,,1.0,1.0,5ff37124135e7011bcb86bc3
5ff36c8d0a7214ada1000591,2021-01-04 14:29:17,021000055920,,1.0,1.0,54943462e4b07e684157a532
5ff36ad40a7214ada1000585,2021-01-04 14:21:56,021000051885,,1.0,0.99,5ff36a3862fde912123a4460
5ff36dcb0a7214ada10005a0,2021-01-04 14:34:35,071040063102,,1.0,9.99,5ff36d0362fde912123a5535
5ff3416d0a7214ada1000575,2021-01-04 11:25:17,,,1.0,28.57,5c3388caea88e15513a95069
5ff4ce430a7214ada10005d8,2021-01-05 15:38:27,4011,,4.0,25.0,5ff4ce3dc3d63511e2a484dc
5ff4ce400a7214ada10005d5,2021-01-05 15:38:24,4011,,5.0,27.0,5ff4ce3dc3d63511e2a484dc
5ff4a4ca0a7214ada10005d0,2021-01-05 12:41:30,,,2.0,34.96,5fbc35711d967d1222cbfefc
5ff473de0a720f05230005bd,2021-01-05 09:12:46,022174070214,,1.0,1.0,54943462e4b07e684157a532
5ff4ce8c0a7214ada10005e6,2021-01-05 15:39:40,079400066619,,1.0,1.0,5ff4ce33c3d63511e2a484b6
5ff4ce3d0a7214ada10005d3,2021-01-05 15:38:21,4011,,2.0,29.0,5ff4ce3dc3d63511e2a484dc
5ff473b40a7214ada10005c5,2021-01-05 09:12:04,043000012871,,1.0,1.0,5ff47392c3d63511e2a47881
5ff473f30a720f05230005c0,2021-01-05 09:13:07,043000077467,,1.0,10.0,5ff473f3c1e2d0121a9b2707
5ff4ce3a0a7214ada10005d2,2021-01-05 15:38:18,4011,,2.0,21.0,5ff4ce3ac1e2d0121a9b2fb3
5ff473a90a7214ada10005c2,2021-01-05 09:11:53,043000008836,,5.0,25.0,5ff47392c3d63511e2a47881
5ff473b10a7214ada10005c4,2021-01-05 09:12:01,021000068364,,5.0,49.95,5ff47392c3d63511e2a47881
5ff4ce550a7214ada10005db,2021-01-05 15:38:45,4011,,2.0,1.0,5ff4ce33c3d63511e2a484b6
5ff4ce430a720f05230005c9,2021-01-05 15:38:27,4011,,1.0,29.0,5ff4ce3dc3d63511e2a484dc
5ff473d40a7214ada10005c9,2021-01-05 09:12:36,021000013869,,1.0,9.99,5ff47392c3d63511e2a47881
5ff4ce690a7214ada10005e2,2021-01-05 15:39:05,075925306254,,5.0,13.0,5ff4ce68c1e2d0121a9b3022
5ff473f60a7214ada10005ce,2021-01-05 09:13:10,044700030479,,5.0,49.95,5ff47392c3d63511e2a47881
5ff473cf0a7214ada10005c8,2021-01-05 09:12:31,041258081601,,1.0,9.99,5ff47392c3d63511e2a47881
5fa5ad370a720f05ef000089,2020-11-06 15:08:23,075925306254,,11.0,291.0,5fa5ad376a26f611e71ab5ef
5ff4ce650a7214ada10005e1,2021-01-05 15:39:01,075925306254,,1.0,1.0,5ff4ce65c3d63511e2a4853b
5ff473e40a7214ada10005cc,2021-01-05 09:12:52,043000075821,,1.0,1.0,54943462e4b07e684157a532
5ff4ce3c0a720f05230005c4,2021-01-05 15:38:20,,,0.0,0.0,5ff4ce3cc1e2d0121a9b2fba
5ff473d00a720f05230005bb,2021-01-05 09:12:32,041258081601,,1.0,0.99,5ff47392c3d63511e2a47881
5ff473b20a720f05230005b7,2021-01-05 09:12:02,021000667543,,5.0,49.95,5ff47392c3d63511e2a47881
5ff473ad0a7214ada10005c3,2021-01-05 09:11:57,013120013966,,1.0,1.0,5ff47392c3d63511e2a47881
5ff4ce640a7214ada10005e0,2021-01-05 15:39:00,4011,,1.0,1.0,5ff4ce33c3d63511e2a484b6
5ff4ce3f0a720f05230005c6,2021-01-05 15:38:23,4011,,2.0,29.0,5ff4ce3dc3d63511e2a484dc
5ff4ce4e0a7214ada10005da,2021-01-05 15:38:38,4011,,2.0,1.0,5ff4ce33c3d63511e2a484b6
5ff473bc0a720f05230005b8,2021-01-05 09:12:12,021000068760,,4.0,18.2,5ff47392c3d63511e2a47881
5ff4a80e0a720f05230005c2,2021-01-05 12:55:26,,,2.0,34.96,5fbc35711d967d1222cbfefc
5ff5d1da0a7214ada10005f8,2021-01-06 10:06:02,070277290107,,1.0,1.0,5ff5d15aeb7c7d12096d91a2
5ff5d1d40a7214ada10005f4,2021-01-06 10:05:56,041129088005,,5.0,25.0,5ff5d15aeb7c7d12096d91a2
5ff5d1a00a7214ada10005ed,2021-01-06 10:05:04,013000993906,,1.0,1.0,54943462e4b07e684157a532
5ff5d1e20a720f05230005da,2021-01-06 10:06:10,043000065198,,1.0,1.0,5ff5d15aeb7c7d12096d91a2
5ff5d1e10a720f05230005d9,2021-01-06 10:06:09,021000050765,,5.0,49.95,5ff5d15aeb7c7d12096d91a2
5ff5d1fd0a720f05230005de,2021-01-06 10:06:37,021000032778,,9.0,89.91,5ff5d15aeb7c7d12096d91a2
5ff5d1d80a7214ada10005f6,2021-01-06 10:06:00,043000046814,,5.0,25.0,5ff5d15aeb7c7d12096d91a2
5ff5d19d0a7214ada10005ec,2021-01-06 10:05:01,686924560242,,1.0,1.0,54943462e4b07e684157a532
5ff5d1f20a720f05230005db,2021-01-06 10:06:26,021000051113,,4.0,18.2,5ff5d15aeb7c7d12096d91a2
5ff5d1dc0a720f05230005d6,2021-01-06 10:06:04,021000070787,,1.0,1.0,5ff5d15aeb7c7d12096d91a2
5ff5d1dd0a720f05230005d7,2021-01-06 10:06:05,043000058145,,5.0,49.95,5ff5d15aeb7c7d12096d91a2
5ff5d1a30a7214ada10005ef,2021-01-06 10:05:07,044700074602,,1.0,1.0,5ff5d1a38f142f11dd1886ba
5ff5d20c0a720f05230005e3,2021-01-06 10:06:52,021000007561,,4.0,4.66,5ff5d15aeb7c7d12096d91a2
5ff5d1fa0a720f05230005dd,2021-01-06 10:06:34,043000013229,,4.0,4.66,5ff5d15aeb7c7d12096d91a2
5ff5d1d80a7214ada10005f7,2021-01-06 10:06:00,043000000960,,5.0,25.0,5ff5d15aeb7c7d12096d91a2
5ff5d1f40a720f05230005dc,2021-01-06 10:06:28,013000657600,,10.0,10.0,5ff5d15aeb7c7d12096d91a2
5ff5d2060a720f05230005e0,2021-01-06 10:06:46,017696004519,,1.0,9.99,5ff5d15aeb7c7d12096d91a2
5ff618e30a7214ada10005fa,2021-01-06 15:09:07,,,16.0,52.12,5ff616a68f142f11dd189163
5ff5d2060a720f05230005e1,2021-01-06 10:06:46,017696004519,,1.0,0.99,5ff5d15aeb7c7d12096d91a2
5ff5d1df0a720f05230005d8,2021-01-06 10:06:07,044700092408,,5.0,49.95,5ff5d15aeb7c7d12096d91a2
5ff5d1990a7214ada10005ea,2021-01-06 10:04:57,022174070214,,1.0,1.0,54943462e4b07e684157a532
5ff5d1d00a7214ada10005f2,2021-01-06 10:05:52,043000023440,,1.0,10.0,5ff5d1d08f142f11dd18884c
5ff5d1d60a7214ada10005f5,2021-01-06 10:05:58,029000016187,,1.0,10.0,5ff5d15aeb7c7d12096d91a2
5ff5d1940a7214ada10005e9,2021-01-06 10:04:52,022174070214,,1.0,1.0,54943462e4b07e684157a532
5ff5d2030a720f05230005df,2021-01-06 10:06:43,021000001361,,1.0,9.99,5ff5d15aeb7c7d12096d91a2
5ff5d1a10a7214ada10005ee,2021-01-06 10:05:05,029000020344,,1.0,1.0,54943462e4b07e684157a532
5ff5d19c0a7214ada10005eb,2021-01-06 10:05:00,043000009604,,1.0,1.0,5ff5d19b8f142f11dd188696
5ff5d1cb0a7214ada10005f0,2021-01-06 10:05:47,021000024834,,5.0,49.95,5ff5d15aeb7c7d12096d91a2
5ff5d20b0a720f05230005e2,2021-01-06 10:06:51,071159020195,,1.0,9.99,5ff5d15aeb7c7d12096d91a2
5ff73be50a720f0523000608,2021-01-07 11:50:45,4011,,6.0,29.0,5ff73be5eb7c7d31ca8a45a7
5ff7946f0a720f052300063c,2021-01-05 12:08:31,4011,,3.0,23.0,5ff79464b3348b11c933738b
5ff726910a720f05230005f1,2021-01-07 10:19:45,4011,,4.0,25.0,5ff7268eeb7c7d12096da2a9
5ff774200a7214ada1000638,2021-01-07 15:50:40,,WINGSTOP,2.0,6.18,5ff7741e04929111f6e90902
5ff74fd10a720f0523000619,2021-01-07 13:15:45,043000204399,,1.0,1.0,54943462e4b07e684157a532
5ff73bdb0a720f0523000605,2021-01-07 11:50:35,021908236865,BRAND,1.0,10.0,5ff73b90eb7c7d31ca8a452b
5ff794940a720f0523000640,2021-01-05 12:09:08,4011,,3.0,23.0,5ff79464b3348b11c933738b
5ff794020a720f0523000635,2021-01-06 00:06:42,4011,,1.0,1.0,5ff7930fb3348b11c93372a6
5ff73beb0a7214ada100061c,2021-01-07 11:50:51,4011,,4.0,22.0,5ff73bea8f142f3276c3e84a
5ff794bf0a7214ada1000650,2021-01-06 18:09:51,4011,,1.0,1.0,5ff7930fb3348b11c93372a6
5ff74faf0a720f0523000613,2021-01-07 13:15:11,043000060544,,4.0,18.2,5ff74f3db3348b11c93361d1
5ff7945a0a7214ada1000646,2021-01-05 12:08:10,4011,,4.0,27.0,5ff79459b3348b11c933736d
5ff74ffe0a720f0523000621,2021-01-07 13:16:30,021000034574,,5.0,49.95,5ff74f3db3348b11c93361d1
5ff726790a7214ada1000602,2021-01-07 10:19:21,4011,,2.0,1.0,5ff7264e8f142f11dd189504
5ff750050a7214ada1000633,2021-01-07 13:16:37,043000057162,,1.0,10.0,5ff75004b3348b11c9336bd6
5ff74ffb0a720f0523000620,2021-01-07 13:16:27,044700096284,,1.0,1.0,5ff74f3db3348b11c93361d1
5ff74ff50a720f052300061e,2021-01-07 13:16:21,686924155783,,1.0,1.0,5ff74f3db3348b11c93361d1
5ff794640a720f052300063b,2021-01-05 12:08:20,4011,,2.0,21.0,5ff79464b3348b11c933738b
5ff726810a720f05230005ea,2021-01-07 10:19:29,4011,,2.0,1.0,5ff7264e8f142f11dd189504
5ff73be10a7214ada1000619,2021-01-07 11:50:41,034100573065,,10.0,290.0,5ff73b90eb7c7d31ca8a452b
5ff73bae0a720f0523000600,2021-01-07 11:49:50,4011,,2.0,1.0,5ff73b90eb7c7d31ca8a452b
5ff73be90a720f052300060a,2021-01-07 11:50:49,,,0.0,0.0,5ff73be9eb7c7d31ca8a45bc
5ff7265a0a7214ada10005fb,2021-01-07 10:18:50,079400066619,,1.0,1.0,5ff7264e8f142f11dd189504
5ff7942e0a720f0523000637,2021-01-05 18:07:26,4011,,2.0,1.0,5ff7930fb3348b11c93372a6
5ff794600a7214ada1000647,2021-01-07 00:08:16,,,0.0,0.0,5ff7946004929111f6e90ceb
5ff726a40a720f05230005fa,2021-01-07 10:20:04,075925306254,,5.0,13.0,5ff726a38f142f11dd1895dc
5ff794130a7214ada1000640,2021-01-05 18:06:59,4011,,2.0,1.0,5ff7930fb3348b11c93372a6
5ff726640a720f05230005e6,2021-01-07 10:19:00,013562300631,,5.0,50.0,5ff7264e8f142f11dd189504
5ff793dd0a720f0523000633,2021-01-02 12:06:05,075925306254,,4.0,12.0,5ff793dd04929111f6e90c69
5ff8da4e0a720f05c5000012,2021-01-08 17:18:54,4011,,1.0,3.25,5ff8da4e04929111f6e91462
5ff873de0a720f0523000648,2021-01-08 10:01:50,4011,,4.0,23.0,5ff873ddb3348b11c9337733
5ff8740c0a720f0523000659,2021-01-08 10:02:36,016000156234,BRAND,1.0,10.0,5ff873d1b3348b11c9337716
5ff8da4c0a720f05c5000011,2021-01-08 17:18:52,4011,,1.0,1.0,5ff8da28b3348b11c9337ac6
5ff8da860a720f05c5000022,2021-01-08 17:19:50,4011,,2.0,11.0,5ff8da28b3348b11c9337ac6
5ff8da7c0a7214adca000020,2021-01-08 17:19:40,4011,,4.0,27.0,5ff8da7c04929111f6e914de
5ff8da650a7214adca00001e,2021-01-08 17:19:17,075925306254,,5.0,13.0,5ff8da65b3348b11c9337b29
5ff8da540a7214adca000017,2021-01-08 17:19:00,4011,,2.0,1.0,5ff8da28b3348b11c9337ac6
5ff873f10a720f052300064f,2021-01-08 10:02:09,034100573065,,10.0,290.0,5ff873d1b3348b11c9337716
5ff874170a7214ada100065f,2021-01-08 10:02:47,016000156234,BRAND,1.0,10.0,5ff873d1b3348b11c9337716
5ff8da680a720f05c5000019,2021-01-08 17:19:20,4011,,1.0,1.0,54943462e4b07e684157a532
5ff873e30a720f052300064c,2021-01-08 10:01:55,4011,,1.0,28.0,5ff873ddb3348b11c9337733
5ff8cea10a7214adca00000b,2021-01-06 16:29:05,4011,,2.0,1.0,5ff8ce8504929111f6e913cb
5ff874050a7214ada100065d,2021-01-08 10:02:29,4011,,2.0,1.0,5ff873d1b3348b11c9337716
5ff8da620a7214adca00001d,2021-01-08 17:19:14,075925306254,,1.0,1.0,5ff8da62b3348b11c9337b21
5ff8da820a720f05c5000020,2021-01-08 17:19:46,4011,,2.0,20.0,5ff8da7eb3348b11c9337b72
5ff8da390a7214adca000013,2021-01-08 17:18:33,305210154278,BRAND,1.0,10.0,5ff8da28b3348b11c9337ac6
5ff873df0a7214ada1000652,2021-01-08 10:01:51,4011,,2.0,24.0,5ff873ddb3348b11c9337733
5ff8da7f0a7214adca000022,2021-01-08 17:19:43,4011,,4.0,26.0,5ff8da7eb3348b11c9337b72
5ff8da7f0a720f05c500001d,2021-01-08 17:19:43,4011,,5.0,20.0,5ff8da7eb3348b11c9337b72
5ff8da800a720f05c500001e,2021-01-08 17:19:43,4011,,2.0,28.0,5ff8da7eb3348b11c9337b72
5ff8c4fb0a7214adca000006,2021-01-08 15:47:55,001111132666,BRAND,1.0,10.0,5ff8c4e8b3348b11c9337a11
5fa5b0ca0a720f05ef0000bf,2020-11-05 15:23:38,075925306254,,6.0,14.0,5fa5b0b720dc5111dd86dcc1
5ff873f90a720f0523000651,2021-01-08 10:02:17,4011,,1.0,1.0,5ff873d1b3348b11c9337716
5ff8c8880a7214adca000008,2021-01-08 16:03:04,,WINGSTOP,2.0,6.18,5ff8c88604929111f6e913b7
5ff873d40a720f0523000644,2021-01-08 10:01:40,4011,,8.0,23.0,5ff873d304929111f6e91096
5ff8c3a20a7214adca000005,2021-01-08 15:42:10,089203700016,BRAND,1.0,10.0,5ff8c330b3348b11c9337a04
5ff8da550a720f05c5000014,2021-01-08 17:19:01,4011,,2.0,1.0,5ff8da28b3348b11c9337ac6
5ff8da7d0a720f05c500001c,2021-01-08 17:19:41,,,0.0,0.0,5ff8da7db3348b11c9337b6a
5ffc98b70a720f05c500003d,2021-01-11 03:28:07,,WINGSTOP,1.0,3.09,5ffc98b604929111f6e923f5
5ffcb4d40a7214ad4e000017,2021-01-11 15:28:04,079400245328,BRAND,1.0,10.0,5ffcb47d04929111f6e9256c
5ffc8ffc0a720f05c5000036,2021-01-11 12:50:52,4011,,1.0,20.0,5ffc8ff9b3348b11c9338896
5ffc9d8c0a7214adca000049,2021-01-11 13:48:44,075925306254,,1.0,1.0,5ffc9d8cb3348b11c9338927
5ffc9da40a7214adca000050,2021-01-11 13:49:08,4011,,5.0,21.0,5ffc9da0b3348b11c9338951
5ffc9daa0a7214adca000054,2021-01-11 13:49:14,001111147332,BRAND,1.0,10.0,5ffc9d87b3348b11c9338920
5ffc8cc20a720f05c5000026,2021-01-11 02:37:06,,WINGSTOP,1.0,3.09,5ffc8cc104929111f6e922a3
5ffc9da10a720f05c5000043,2021-01-11 13:49:05,4011,,4.0,21.0,5ffc9da0b3348b11c9338951
5ffcb4b90a720f051500000c,2021-01-11 15:27:37,4011,,5.0,22.0,5ffcb4b9b3348b11c9338ae7
5ffca2f30a720f05c5000054,2021-01-11 04:11:47,,WINGSTOP,1.0,3.09,5ffca2f3b3348b11c9338a10
5ffcb4900a720f0515000002,2021-01-11 15:26:56,034100573065,,10.0,290.0,5ffcb47d04929111f6e9256c
5ffc8fa40a720f05c5000028,2021-01-11 12:49:24,4011,,2.0,1.0,5ffc8f9704929111f6e922bf
5ffc92a20a7214adca000046,2021-01-11 03:02:10,,WINGSTOP,1.0,3.09,5ffc92a104929111f6e923cb
5ffc8fe80a720f05c5000031,2021-01-11 12:50:32,4011,,1.0,1.0,54943462e4b07e684157a532
5ffc9da10a7214adca00004d,2021-01-11 13:49:05,4011,,4.0,27.0,5ffc9da0b3348b11c9338951
5ffc9dc60a7214adca00005a,2021-01-11 13:49:42,,,3.0,3.0,5ffc9d87b3348b11c9338920
5ffcb48d0a7214ad4e000002,2021-01-11 15:26:53,075925306254,,1.0,1.0,5ffcb48d04929111f6e92594
5ffc9da20a7214adca00004e,2021-01-11 13:49:06,4011,,4.0,29.0,5ffc9da0b3348b11c9338951
5ffc8fa90a720f05c500002a,2021-01-11 12:49:29,,MISSION,1.0,2.23,5ffc8f9704929111f6e922bf
5ffc9dd00a720f05c5000051,2021-01-11 13:49:52,4011,,1.0,1.0,5ffc9d87b3348b11c9338920
5ffcb4ad0a720f0515000009,2021-01-11 15:27:25,4011,,2.0,1.0,5ffcb47d04929111f6e9256c
5ffcb4c10a7214ad4e000014,2021-01-11 15:27:45,4011,,3.0,20.0,5ffcb4bc04929111f6e92608
5ffc9d9d0a720f05c5000042,2021-01-11 13:49:01,4011,,2.0,26.0,5ffc9d9d04929111f6e9244f
5ffc9d9c0a7214adca00004b,2021-01-11 13:49:00,4011,,1.0,10.0,5ffc9d9cb3348b11c933893f
5ffc8fa10a7214adca00002e,2021-01-11 12:49:21,4011,,2.0,1.0,5ffc8f9704929111f6e922bf
5ffcb4c90a7214ad4e000016,2021-01-11 15:27:53,079400245328,BRAND,1.0,10.0,5ffcb47d04929111f6e9256c
5ffc8cb40a720f05c5000025,2021-01-11 02:36:52,,WINGSTOP,1.0,3.09,5ffc8cb304929111f6e9229d
5ffcb4b80a7214ad4e00000d,2021-01-11 15:27:36,4011,,1.0,10.0,5ffcb4b8b3348b11c9338ae1
5ffcb4a20a720f0515000006,2021-01-11 15:27:14,4011,,2.0,1.0,5ffcb47d04929111f6e9256c
5ffc8f990a7214adca00002d,2021-01-11 12:49:13,079400236425,,2.0,2.0,5ffc8f9704929111f6e922bf
5ffe1cbe0a7214ad28002843,2021-01-12 17:03:42,,,,28.57,59c124bae4b0299e55b0f330
5ffce7db0a720f051500236e,2021-01-11 19:05:47,,,,28.57,59c124bae4b0299e55b0f330
5ffce8310a7214ad4e003797,2021-01-11 19:07:13,,,,28.57,59c124bae4b0299e55b0f330
5ffe19d90a7214ad28000e62,2021-01-12 16:51:21,,,,28.57,59c124bae4b0299e55b0f330
5ffe1d030a720f05ac002c9e,2021-01-12 17:04:51,,,,28.57,59c124bae4b0299e55b0f330
5ffce76e0a720f0515000b48,2021-01-11 19:03:58,,,,28.57,59c124bae4b0299e55b0f330
5ffe23560a720f05ac006874,2021-01-12 17:31:50,,,,28.57,59c124bae4b0299e55b0f330
5ffe22a20a720f05ac0061d7,2021-01-12 17:28:50,,,,28.57,59c124bae4b0299e55b0f330
5ffe1dc20a7214ad28003180,2021-01-12 17:08:02,,,,28.57,59c124bae4b0299e55b0f330
5ffe1aa90a7214ad280015e8,2021-01-12 16:54:49,,,,28.57,59c124bae4b0299e55b0f330
5ffcef5a0a720f0515004f1a,2021-01-11 19:37:46,,,,28.57,59c124bae4b0299e55b0f330
5ffe23d70a7214ad280068f6,2021-01-12 17:33:59,,,,28.57,59c124bae4b0299e55b0f330
5ffe18b10a7214ad280003d1,2021-01-12 16:46:25,,,,28.57,59c124bae4b0299e55b0f330
5ffcef630a720f05150050ae,2021-01-11 19:37:55,,,,28.57,59c124bae4b0299e55b0f330
5ffe20290a720f05ac004a84,2021-01-12 17:18:17,,,,28.57,59c124bae4b0299e55b0f330
5ffe1c520a7214ad2800245c,2021-01-12 17:01:54,,,,28.57,59c124bae4b0299e55b0f330
5ffe1b630a7214ad28001c79,2021-01-12 16:57:55,,,,28.57,59c124bae4b0299e55b0f330
5ffe1fa40a7214ad2800427f,2021-01-12 17:16:04,,,,28.57,59c124bae4b0299e55b0f330
5ffe23cf0a720f05ac006cc2,2021-01-12 17:33:51,,,,28.57,59c124bae4b0299e55b0f330
5ffcef570a720f0515004e91,2021-01-11 19:37:43,,,,28.57,59c124bae4b0299e55b0f330
5fff26c20a7214ad4c00000a,2021-01-13 11:58:42,4011,,2.0,29.0,5fff26bfb3348b03eb45bb32
5fff0f630a7214ad28006e2d,2021-01-13 10:18:59,043000066706,,1.0,0.99,5fff0f4fb3348b03eb45abb0
5fff56370a720f05f3000033,2021-01-13 15:21:11,043000000175,,1.0,1.0,54943462e4b07e684157a532
5fff4ca00a7214ad4c000029,2021-01-13 14:40:16,043000082294,,9.0,89.91,5fff4beedf9ace121f0c17ea
5fff26ee0a720f05f300001a,2021-01-13 11:59:26,4011,,1.0,1.0,5fff2698b3348b03eb45bb10
5fff4c910a720f05f3000026,2021-01-13 14:40:01,043000955628,,5.0,49.95,5fff4beedf9ace121f0c17ea
5ffe17e20a720f05ac0000e7,2021-01-12 16:42:58,072785048119,GERM-X,1.0,2.29,5ffe115404929101d0aaebb2
5fff561b0a720f05f300002e,2021-01-13 15:20:43,043000206515,,1.0,10.0,5fff561abd4dff11dda8fa2b
5fff26fd0a720f05f300001d,2021-01-13 11:59:41,4011,,1.0,1.0,5fff2698b3348b03eb45bb10
5fff26fb0a7214ad4c000019,2021-01-13 11:59:39,079400066619,,1.0,1.0,5fff2698b3348b03eb45bb10
5fff564a0a7214ad4c000030,2021-01-13 15:21:30,043000061978,,1.0,1.0,5fff55dabd4dff11dda8f5f1
5fff4c8e0a720f05f3000025,2021-01-13 14:39:58,044700071533,,1.0,1.0,5fff4beedf9ace121f0c17ea
5fff4c810a720f05f3000023,2021-01-13 14:39:45,025800026302,,1.0,10.0,5fff4beedf9ace121f0c17ea
5fff4c8a0a7214ad4c000025,2021-01-13 14:39:54,021000007660,,5.0,49.95,5fff4beedf9ace121f0c17ea
5fff4c8c0a7214ad4c000026,2021-01-13 14:39:56,070085035006,,5.0,49.95,5fff4beedf9ace121f0c17ea
5fff564d0a720f05f3000038,2021-01-13 15:21:33,686924820858,,5.0,49.95,5fff55dabd4dff11dda8f5f1
5fff26cb0a7214ad4c00000e,2021-01-13 11:58:51,798813118547,,2.0,2.0,5fff2698b3348b03eb45bb10
5fff4ca90a720f05f300002a,2021-01-13 14:40:25,021000068159,,1.0,0.99,5fff4beedf9ace121f0c17ea
5fff0f8c0a7214ad28006e32,2021-01-13 10:19:40,021000648863,,1.0,1.0,5fff0f4fb3348b03eb45abb0
5fff26990a720f05f300000b,2021-01-13 11:58:01,013562300631,,5.0,50.0,5fff2698b3348b03eb45bb10
5fff26c40a720f05f3000014,2021-01-13 11:58:44,4011,,3.0,22.0,5fff26bfb3348b03eb45bb32
5fff26d70a7214ad4c00000f,2021-01-13 11:59:03,4011,,2.0,1.0,5fff2698b3348b03eb45bb10
5fff26c60a7214ad4c00000c,2021-01-13 11:58:46,4011,,1.0,22.0,5fff26bfb3348b03eb45bb32
5fff0f990a7214ad28006e36,2021-01-13 10:19:53,029000023666,,1.0,1.0,54943462e4b07e684157a532
5fff566e0a720f05f300003f,2021-01-13 15:22:06,043000078488,,5.0,49.95,5fff55dabd4dff11dda8f5f1
5fff26f10a7214ad4c000018,2021-01-13 11:59:29,034100573065,,10.0,290.0,5fff2698b3348b03eb45bb10
5fff4c710a7214ad4c00001d,2021-01-13 14:39:29,022174070214,,1.0,1.0,54943462e4b07e684157a532
5fff562e0a720f05f300002f,2021-01-13 15:21:02,022174070214,,1.0,1.0,54943462e4b07e684157a532
5fff4c960a720f05f3000027,2021-01-13 14:40:06,043000071182,,4.0,18.2,5fff4beedf9ace121f0c17ea
5fff4c7d0a720f05f3000022,2021-01-13 14:39:41,043000062760,,1.0,1.0,5fff4c7d61ffa811fdb0856f
6000b8770a720f05f3000069,2021-01-14 16:32:39,022174070214,,1.0,1.0,54943462e4b07e684157a532
6000d4b10a720f05f3000076,2021-01-14 18:33:05,4011,,3.0,21.0,6000d4abe2571211db395b5c
6000b8840a720f05f300006c,2021-01-14 16:32:52,021000725403,,1.0,1.0,6000b884fb296c121a81ad3b
6000b8280a720f05f3000061,2021-01-14 16:31:20,021000024858,,5.0,49.95,6000b7aefb296c121a8198b1
6000b8810a7214ad4c00005e,2021-01-14 16:32:49,044700076422,,1.0,1.0,54943462e4b07e684157a532
6000d48d0a7214ad4c000063,2021-01-14 18:32:29,013562300631,,5.0,50.0,6000d46cfb296c121a81b20c
6000d4b00a7214ad4c00006c,2021-01-14 18:33:04,4011,,1.0,20.0,6000d4abe2571211db395b5c
6000d4d30a720f05f3000081,2021-01-14 18:33:39,,,3.0,3.0,6000d46cfb296c121a81b20c
6000b87d0a7214ad4c00005d,2021-01-14 16:32:45,051600001003,,1.0,1.0,54943462e4b07e684157a532
6000b2be0a7214ad4c00004d,2021-01-14 16:08:14,076840100354,BEN AND JERRYS,21.0,84.78,5e27526d0bdb6a138c32b556
6000c8460a720f05f300006f,2021-01-14 17:40:06,,BORDEN,21.0,101.75,5e27526d0bdb6a138c32b556
6000d4ae0a720f05f3000075,2021-01-14 18:33:02,4011,,4.0,20.0,6000d4abe2571211db395b5c
6000d4aa0a720f05f3000072,2021-01-14 18:32:58,,,0.0,0.0,6000d4aafb296c121a81b27e
6000b9b70a720f05f300006d,2021-01-14 16:37:59,,BORDEN,21.0,90.36,5e27526d0bdb6a138c32b556
600056de0a720f05f3000049,2021-01-14 09:36:14,070470137735,,2.0,2.0,600056a3f7e5b011fce897b0
6000b82f0a720f05f3000063,2021-01-14 16:31:27,043000000199,,5.0,49.95,6000b7aefb296c121a8198b1
6000d4810a720f05f3000070,2021-01-14 18:32:17,4011,,2.0,11.0,6000d46cfb296c121a81b20c
600057040a7214ad4c000041,2021-01-14 09:36:52,4011,,6.0,25.0,60005704bd4dff11dda90a9d
6000d4b50a720f05f3000078,2021-01-14 18:33:09,,,1.0,10.0,6000d4b5fb296c121a81b2bd
6000d4ba0a720f05f300007a,2021-01-14 18:33:14,075925306254,,1.0,1.0,6000d4bae2571211db395b9f
600056d60a720f05f3000047,2021-01-14 09:36:06,075925306254,,5.0,13.0,600056d6bd4dff11dda90a3f
6000d4900a7214ad4c000064,2021-01-14 18:32:32,822142991523,BRAND,1.0,10.0,6000d46cfb296c121a81b20c
6000d4bc0a7214ad4c000070,2021-01-14 18:33:16,034100573065,,10.0,290.0,6000d46cfb296c121a81b20c
600082b40a720f05f3000058,2021-01-14 12:43:16,,,4.0,4.0,5e56d38507a0df22a15dfc85
6000d4ac0a7214ad4c000069,2021-01-14 18:33:00,4011,,3.0,23.0,6000d4abe2571211db395b5c
600056da0a720f05f3000048,2021-01-14 09:36:10,4011,,2.0,11.0,600056a3f7e5b011fce897b0
6000b8590a7214ad4c000057,2021-01-14 16:32:09,043000043790,,4.0,18.2,6000b7aefb296c121a8198b1
600056ea0a720f05f300004b,2021-01-14 09:36:26,4011,,1.0,1.0,600056a3f7e5b011fce897b0
600206000a720f05f3000087,2021-01-15 16:15:44,,HY-VEE,86.0,271.63,6000b75bbe5fc96dfee1d4d3
600208270a720f05f3000088,2021-01-15 16:24:55,,HY-VEE,103.0,427.81,6000b75bbe5fc96dfee1d4d3
600373700a720f05f3000091,2021-01-16 18:14:56,076840580750,BEN AND JERRYS,211.0,803.48,60037329e257124ec6b99eeb
60023e8f0a720f05f300008b,2021-01-15 20:17:03,,HY-VEE,202.0,776.79,60023de5fb296c121a81b955
60020d2a0a720f05f300008a,2021-01-15 16:46:18,,HY-VEE,93.0,373.55,6000b75bbe5fc96dfee1d4d3
6002590c0a7214ad4c000082,2021-01-15 22:10:04,,,208.0,746.94,600258dafb296c4ef805d9b7
60025cb80a720f05f300008d,2021-01-15 22:25:44,,,335.0,1177.84,60025c65fb296c4ef805d9e6
600370250a720f05f3000090,2021-01-16 18:00:53,,,240.0,850.49,60037005e257124ec6b99ec2
6002584e0a7214ad4c000081,2021-01-15 22:06:54,076840580750,BEN AND JERRYS,6.0,30.65,6002541ae257124ec6b99a3a
60020af60a720f05f3000089,2021-01-15 16:36:54,037000979715,ORAL-B GLIDE,1.0,3.99,6000b75bbe5fc96dfee1d4d3
600260210a720f05f300008f,2021-01-15 22:40:17,028400643061,DORITOS,309.0,1043.18,60025fe0e257124ec6b99a87
60037b500a7214ad4c000086,2021-01-16 18:48:32,085718300512,,39.0,118.05,60037a94fb296c4ef805ddbe
6004a5f20a7214ad4c000088,2021-01-17 16:02:42,,HY-VEE,164.0,574.16,6004a5d3fb296c4ef805e256
60049d9d0a720f05f3000094,2021-01-17 15:27:09,,HY-VEE,212.0,743.79,60049cdce257124ec6b9a353
6005ee0e0a7214ad4c000089,2021-01-18 15:22:36,075856000269,KLONDIKE,2.0,10.0,5fb0a078be5fc9775c1f3945
6004a99e0a720f05f3000095,2021-01-17 16:18:21,,HY-VEE,167.0,574.65,6004a965e257124ec6b9a39f
6001f2470a7214ad4c00007a,2021-01-15 14:51:35,22,,1.0,1.0,5fb0a078be5fc9775c1f3945
60074bbf0a720f05fa000039,2021-01-19 16:14:39,043000041994,,1.0,10.0,60074b49325c8a1794623876
600741fe0a7214ad89000001,2021-01-19 15:33:02,043000068649,,5.0,49.95,600741d06e6469120a787853
60074b8b0a7214ad89000029,2021-01-19 16:13:47,021000051038,,4.0,4.66,60074b49325c8a1794623876
6007423c0a720f05fa000001,2021-01-19 15:34:04,043000063897,,1.0,1.0,6007423b6e6469120a787c2c
600748640a720f05fa000026,2021-01-19 16:00:20,029000016705,,1.0,9.99,600748196e64691717e8d4f0
60074bbd0a7214ad89000031,2021-01-19 16:14:37,044700096321,,5.0,25.0,60074b49325c8a1794623876
600746ce0a720f05fa000017,2021-01-19 15:53:34,044700070840,,1.0,1.0,6007464b6e64691717e8c1f0
6007425e0a720f05fa00000a,2021-01-19 15:34:38,070085038403,,1.0,1.0,600741d06e6469120a787853
60074b930a7214ad8900002d,2021-01-19 16:13:55,044700065617,,1.0,1.0,54943462e4b07e684157a532
600746fb0a7214ad8900001b,2021-01-19 15:54:19,043000971635,,1.0,1.0,54943462e4b07e684157a532
600742490a720f05fa000004,2021-01-19 15:34:17,686924113172,,5.0,25.0,600741d06e6469120a787853
60074bcb0a7214ad89000037,2021-01-19 16:14:51,043000075340,,1.0,1.0,60074b49325c8a1794623876
6007424d0a720f05fa000006,2021-01-19 15:34:21,021000054862,,1.0,10.0,600741d06e6469120a787853
60074b900a7214ad8900002b,2021-01-19 16:13:52,022174070214,,1.0,1.0,54943462e4b07e684157a532
60074bcc0a7214ad89000038,2021-01-19 16:14:52,021000679201,,5.0,49.95,60074b49325c8a1794623876
600746fd0a720f05fa00001f,2021-01-19 15:54:21,087684002872,,1.0,1.0,600746fd6e64691717e8cfb5
6006f2d10a7214ad4c00008b,2021-01-19 09:55:13,012000809941,PEPSI,14.0,30.57,6006f1c5e257127d5d9aedfb
600746ea0a720f05fa00001b,2021-01-19 15:54:02,071871542067,,4.0,4.66,6007464b6e64691717e8c1f0
600746d90a7214ad89000015,2021-01-19 15:53:45,025800000524,,4.0,4.66,6007464b6e64691717e8c1f0
600746c60a7214ad89000011,2021-01-19 15:53:26,013000010917,,1.0,1.0,6007464b6e64691717e8c1f0
600746cd0a7214ad89000013,2021-01-19 15:53:33,013000000635,,5.0,49.95,6007464b6e64691717e8c1f0
600742420a720f05fa000003,2021-01-19 15:34:10,029000021273,,1.0,1.0,54943462e4b07e684157a532
600746c90a7214ad89000012,2021-01-19 15:53:29,071040063188,,5.0,49.95,6007464b6e64691717e8c1f0
600746c00a7214ad8900000f,2021-01-19 15:53:20,021000054961,,5.0,25.0,6007464b6e64691717e8c1f0
60074b8e0a7214ad8900002a,2021-01-19 16:13:50,022174070214,,1.0,1.0,54943462e4b07e684157a532
60074b7d0a720f05fa000037,2021-01-19 16:13:33,021000007363,,9.0,89.91,60074b49325c8a1794623876
60074b9a0a7214ad89000030,2021-01-19 16:14:02,019582000117,,1.0,1.0,60074b996e64691717e8f11a
60074b960a7214ad8900002e,2021-01-19 16:13:58,021000604906,,1.0,1.0,54943462e4b07e684157a532
600746e80a7214ad89000017,2021-01-19 15:54:00,021000644551,,1.0,9.99,6007464b6e64691717e8c1f0
60074bc60a7214ad89000034,2021-01-19 16:14:46,043000204443,,5.0,49.95,60074b49325c8a1794623876
60088a100a7214ad890000bd,2021-01-20 14:52:48,,HY-VEE,149.0,612.95,6008896c633aab121bb8e11d
60088d5d0a7214ad890000ed,2021-01-20 15:06:53,4011,,1.0,21.0,60088d5cb6310511daa4ee6f
600887560a720f05fa000098,2021-01-20 14:41:10,4011,,1.0,1.0,6008873eb6310511daa4e8eb
60088a4e0a720f05fa0000da,2021-01-20 14:53:50,4011,,1.0,20.0,60088a46b6310511daa4ec97
60088e7f0a720f05fa00011e,2021-01-20 15:11:43,4011,,2.0,11.0,54943462e4b07e684157a532
60083ab50a7214ad89000049,2021-01-20 09:14:13,021000029778,,1.0,9.99,60083a1e325c8a17946255de
60088a460a720f05fa0000d5,2021-01-20 14:53:42,4011,,3.0,28.0,60088a46b6310511daa4ec97
600841da0a7214ad89000051,2021-01-20 09:44:42,044700072813,,4.0,4.66,6008412f6e64697abedcd5d5
60085ba90a720f05fa00006a,2021-01-20 11:34:49,044700087145,,5.0,49.95,60085b3dbe5fc90ee6a67b11
6008878f0a7214ad8900007b,2021-01-20 14:42:07,,,3.0,3.0,6008873eb6310511daa4e8eb
6008625b0a7214ad89000063,2021-01-20 12:03:23,044700087329,,1.0,9.99,600861d3be5fc9247bab3e0c
60088d920a720f05fa000109,2021-01-20 15:07:46,,,3.0,3.0,60088d55633aab121bb8e41a
600887ae0a7214ad8900008a,2021-01-20 14:42:38,4011,,3.0,23.0,600887a5b6310511daa4e9a7
60088a490a720f05fa0000d6,2021-01-20 14:53:45,4011,,3.0,28.0,60088a46b6310511daa4ec97
60088d580a7214ad890000eb,2021-01-20 15:06:48,4011,,7.0,26.0,60088d58633aab121bb8e424
600887770a7214ad89000075,2021-01-20 14:41:43,016000151024,BRAND,1.0,10.0,6008873eb6310511daa4e8eb
60088a4d0a7214ad890000c7,2021-01-20 14:53:49,4011,,3.0,22.0,60088a46b6310511daa4ec97
60088d600a7214ad890000ef,2021-01-20 15:06:56,4011,,5.0,23.0,60088d5cb6310511daa4ee6f
6008888f0a720f05fa0000b5,2021-01-20 14:46:23,4011,,2.0,1.0,60088838633aab121bb8df69
60088a670a720f05fa0000e0,2021-01-20 14:54:15,4011,,2.0,1.0,60088a25b6310511daa4ec42
600788cd0a7214ad8900003a,2021-01-19 20:35:09,077567304124,,1.0,2.99,5cd06f1f2acf0a2667da628b
60085bad0a720f05fa00006c,2021-01-20 11:34:53,044700064238,,5.0,49.95,60085b3dbe5fc90ee6a67b11
60088e670a720f05fa00011d,2021-01-20 15:11:19,4011,,1.0,1.0,54943462e4b07e684157a532
60088a4a0a7214ad890000c5,2021-01-20 14:53:46,4011,,4.0,29.0,60088a46b6310511daa4ec97
600862490a720f05fa000072,2021-01-20 12:03:05,013120000843,,10.0,10.0,600861d3be5fc9247bab3e0c
60088af80a7214ad890000d6,2021-01-20 14:56:40,4011,,3.0,20.0,60088af5633aab121bb8e31b
60088d5f0a720f05fa0000fc,2021-01-20 15:06:55,4011,,1.0,25.0,60088d5cb6310511daa4ee6f
600862530a720f05fa000074,2021-01-20 12:03:15,021000006106,,9.0,89.91,600861d3be5fc9247bab3e0c
60088aff0a7214ad890000da,2021-01-20 14:56:47,,,1.0,10.0,60088aff633aab121bb8e33d
6008f2be0a720f05fa000129,2021-01-20 22:19:26,041000022623,KNORR,13.0,40.37,6008f02fb6310511daa4f314
6009f5ea0a7214ada2000004,2021-01-21 16:45:14,036000391718,KLEENEX,32.0,163.94,6009e60450b3311194385009
6008ee0e0a7214ad89000125,2021-01-20 21:59:26,012000809965,,7.0,32.42,6008e9cdb6310511daa4f2e4
6009889f0a7214ad89000133,2021-01-21 08:58:55,013000006187,,5.0,49.95,600987d77d983a11f63cfa92
600988a30a720f05fa000132,2021-01-21 08:58:59,021000065547,,5.0,49.95,600987d77d983a11f63cfa92
600992f90a720f05fa000133,2021-01-21 09:43:05,041000022623,KNORR,118.0,349.16,600992d17d983a11f63d11ad
6009f5200a720f0535000005,2021-01-21 16:41:52,,,7.0,80.46,6009e60450b3311194385009
600988820a7214ad8900012b,2021-01-21 08:58:26,013000798952,,10.0,10.0,600987d77d983a11f63cfa92
600988560a7214ad89000127,2021-01-21 08:57:42,044700071748,,1.0,1.0,54943462e4b07e684157a532
6009889a0a720f05fa00012f,2021-01-21 08:58:50,043000032275,,5.0,25.0,600987d77d983a11f63cfa92
6008f09d0a720f05fa000128,2021-01-20 22:10:21,815473013279,BORDEN,14.0,58.76,6008f02fb6310511daa4f314
6009885a0a7214ad89000129,2021-01-21 08:57:46,044700024119,,1.0,1.0,54943462e4b07e684157a532
600988980a7214ad89000130,2021-01-21 08:58:48,028400081382,,1.0,10.0,600987d77d983a11f63cfa92
600988900a7214ad8900012e,2021-01-21 08:58:40,021000046904,,1.0,9.99,600987d77d983a11f63cfa92
6009a0b90a7214ada2000001,2021-01-21 10:41:45,076840100354,BEN AND JERRYS,10.0,28.34,60099c1450b33111fd61f702
60099c3c0a7214ad89000135,2021-01-21 10:22:36,012000809941,PEPSI,341.0,1083.24,60099c1450b33111fd61f702
6008f3270a720f05fa00012a,2021-01-20 22:21:11,,,1.0,0.16,6008f02fb6310511daa4f314
6009e72c0a720f0535000003,2021-01-21 15:42:20,012000809941,PEPSI,229.0,728.73,6009e60450b3311194385009
600988a10a720f05fa000131,2021-01-21 08:58:57,029000074361,,5.0,49.95,600987d77d983a11f63cfa92
600988870a7214ad8900012c,2021-01-21 08:58:31,043000061732,,4.0,4.66,600987d77d983a11f63cfa92
6009889e0a720f05fa000130,2021-01-21 08:58:54,021000068036,,1.0,1.0,600987d77d983a11f63cfa92
600988480a720f05fa00012b,2021-01-21 08:57:28,686924291290,,5.0,49.95,600987d77d983a11f63cfa92
6009885c0a7214ad8900012a,2021-01-21 08:57:48,025800000159,,1.0,1.0,6009885c50b33111fd61eee9
600988550a720f05fa00012e,2021-01-21 08:57:41,021000633609,,1.0,1.0,600988557d983a11f63d08ef
600988510a720f05fa00012c,2021-01-21 08:57:37,022174070214,,1.0,1.0,54943462e4b07e684157a532
600996ac0a720f05fa000134,2021-01-21 09:58:52,012000809941,PEPSI,348.0,1198.68,6009969150b33111fd61f6d9
600b34ca0a7214ada200000c,2021-01-22 15:25:46,,,157.0,816.21,600b349550b3311194385600
600b2dd60a7214ada200000b,2021-01-22 14:56:06,076840100354,BEN AND JERRYS,109.0,409.75,600b2d7a50b33111943855cb
600affe60a7214ada2000009,2021-01-22 11:40:06,,BLUE DIAMOND,21.0,83.85,600afb2a7d983a124e9aded0
600a1a8d0a7214ada2000008,2021-01-21 19:21:32,041000022623,KNORR,214.0,1183.1,600a1a457d983a124e9adb9b
600afbd90a720f053500000b,2021-01-22 11:22:49,,,122.0,769.4,600afb2a7d983a124e9aded0
600b420b0a7214ada200000d,2021-01-22 16:22:19,076840100354,BEN AND JERRYS,133.0,661.41,600b41d050b3311194385655
600af82f0a720f053500000a,2021-01-22 11:07:11,,,124.0,612.1,600af8097d983a124e9adeb3
600b39f60a720f053500000e,2021-01-22 15:47:50,076840100354,BEN AND JERRYS,133.0,716.5,600b39ce50b331119438562a
600b139e0a7214ada200000a,2021-01-22 13:04:13,053000069867,BORDEN,159.0,935.14,600b00687d983a124e9adef9
600a1e270a720f0535000009,2021-01-21 19:36:55,815473013279,BORDEN,196.0,944.15,600a1ddf50b33111943851a2
600ba6ae0a7214ada2000010,2021-01-22 23:31:42,076840100354,BEN AND JERRYS,136.0,1107.82,600ba68e7d983a124e9ae1d3
600f41f60a7214ada2000037,2021-01-25 17:11:02,022174070214,,1.0,1.0,54943462e4b07e684157a532
600ed4820a720f0535000015,2021-01-25 09:24:02,046704096802,,1.0,1.0,600ed4815edb7811cde6b50b
600ed47e0a7214ada2000014,2021-01-25 09:23:58,022174070214,,1.0,1.0,54943462e4b07e684157a532
600ed49e0a7214ada200001b,2021-01-25 09:24:30,043000956113,,1.0,1.0,600ed42e43298911ce45d1fa
600f48940a720f0535000043,2021-01-25 17:39:16,022174070214,,1.0,1.0,54943462e4b07e684157a532
600ed46b0a7214ada2000013,2021-01-25 09:23:39,044700075302,,4.0,4.66,600ed42e43298911ce45d1fa
600eda0c0a7214ada200001e,2021-01-25 09:47:40,077661120460,LITEHOUSE,137.0,847.28,600ed95043298911ce45e82c
600f41d90a720f0535000032,2021-01-25 17:10:33,021000069293,,1.0,10.0,600f41b2bd196811e68ea219
600f01340a7214ada2000029,2021-01-25 12:34:44,021000068883,,5.0,49.95,600f008f4329897eac237bd8
600f42070a7214ada200003c,2021-01-25 17:11:19,025155000149,,5.0,49.95,600f41b2bd196811e68ea219
600f48860a720f053500003f,2021-01-25 17:39:02,043000062753,,5.0,25.0,600f47f06fd0dc1768a34a12
600f489d0a7214ada200004a,2021-01-25 17:39:25,759283001890,,1.0,1.0,600f489d6fd0dc1768a35a88
600f014d0a7214ada200002d,2021-01-25 12:35:09,043000000342,,1.0,1.0,600f014d4329897eac238b88
600f24970a720f053500002f,2021-01-25 15:05:43,,BETTY CROCKER,599.0,4368.8,600f20c15edb787dce060911
600f0cc70a720f053500002c,2021-01-25 13:24:07,,BETTY CROCKER,303.0,2084.82,600f00d05edb787dce05fb84
600f48750a7214ada2000041,2021-01-25 17:38:45,021000054473,,9.0,89.91,600f47f06fd0dc1768a34a12
600f41e60a720f0535000033,2021-01-25 17:10:46,043000079232,,1.0,1.0,600f41b2bd196811e68ea219
600ed4d90a7214ada200001c,2021-01-25 09:25:29,029000020351,,5.0,49.95,600ed42e43298911ce45d1fa
600f42050a7214ada200003b,2021-01-25 17:11:17,043000200520,,5.0,49.95,600f41b2bd196811e68ea219
600ed4520a720f0535000012,2021-01-25 09:23:14,044700009000,,4.0,4.66,600ed42e43298911ce45d1fa
600f012c0a720f0535000025,2021-01-25 12:34:36,041129412152,,5.0,25.0,600f008f4329897eac237bd8
600f48900a720f0535000042,2021-01-25 17:39:12,013000798303,,1.0,1.0,600f47f06fd0dc1768a34a12
600ed4910a7214ada2000018,2021-01-25 09:24:17,021000043552,,5.0,25.0,600ed42e43298911ce45d1fa
600f48880a7214ada2000044,2021-01-25 17:39:04,087684009000,,1.0,1.0,600f47f06fd0dc1768a34a12
600f01310a7214ada2000027,2021-01-25 12:34:41,029000019201,,5.0,49.95,600f008f4329897eac237bd8
600f012a0a7214ada2000024,2021-01-25 12:34:34,792851356565,,1.0,10.0,600f008f4329897eac237bd8
600f485e0a720f053500003b,2021-01-25 17:38:22,044700073933,,5.0,49.95,600f47f06fd0dc1768a34a12
600f41e40a7214ada2000033,2021-01-25 17:10:44,043000003596,,1.0,1.0,600f41b2bd196811e68ea219
600f41fb0a720f0535000036,2021-01-25 17:11:07,021000054190,,1.0,1.0,54943462e4b07e684157a532
600edb570a720f053500001d,2021-01-25 09:53:11,,,161.0,715.23,600ed95043298911ce45e82c
600fb2160a7214ada2000053,2021-01-26 01:09:26,041129634608,,5.0,25.0,600fb1ac73c60b12049027bb
600fb2030a7214ada2000050,2021-01-26 01:09:07,070221006693,,4.0,4.66,600fb1ac73c60b12049027bb
600fb1e90a720f0535000049,2021-01-26 01:08:41,021000642182,,1.0,1.0,54943462e4b07e684157a532
600fb2170a720f053500004e,2021-01-26 01:09:27,041129000052,,1.0,1.0,600fb1ac73c60b12049027bb
600fb21f0a7214ada2000056,2021-01-26 01:09:35,021000049318,,1.0,1.0,600fb1ac73c60b12049027bb
60107e3b0a720f0535000051,2021-01-26 15:40:27,,,2.0,34.96,5fbc35711d967d1222cbfefc
600f39c30a7214ada2000030,2021-01-25 16:36:03,,BETTY CROCKER,670.0,4721.95,600f35015edb782098e2ac1b
600fb2130a7214ada2000052,2021-01-26 01:09:23,077298000043,,1.0,10.0,600fb1ac73c60b12049027bb
600fb1e80a7214ada200004e,2021-01-26 01:08:40,021000068852,,1.0,1.0,54943462e4b07e684157a532
600fb2190a7214ada2000054,2021-01-26 01:09:29,041258081601,,1.0,1.0,600fb1ac73c60b12049027bb
600fb1e60a720f0535000048,2021-01-26 01:08:38,021000055005,,1.0,1.0,54943462e4b07e684157a532
60108a5b0a7214ada2000057,2021-01-26 16:32:11,,,2.0,34.96,5fbc35711d967d1222cbfefc
600fb1e50a7214ada200004d,2021-01-26 01:08:37,044700031711,,1.0,1.0,600fb1e4a4b74c120bd18777
600fb21a0a720f053500004f,2021-01-26 01:09:30,021000049318,,5.0,49.95,600fb1ac73c60b12049027bb
600fb2150a720f053500004d,2021-01-26 01:09:25,029000015630,,5.0,25.0,600fb1ac73c60b12049027bb
600fb1d80a7214ada200004b,2021-01-26 01:08:24,5000111047524,,5.0,49.95,600fb1ac73c60b12049027bb
600fb2110a720f053500004c,2021-01-26 01:09:21,043000081099,,4.0,4.66,600fb1ac73c60b12049027bb
600fb1dc0a720f0535000046,2021-01-26 01:08:28,043000005217,,5.0,49.95,600fb1ac73c60b12049027bb
600fb21d0a720f0535000050,2021-01-26 01:09:33,049900000345,,5.0,49.95,600fb1ac73c60b12049027bb
600fb1ec0a7214ada200004f,2021-01-26 01:08:44,044700087558,,1.0,1.0,600fb1ec73c60b1204902af4
600fb1e00a7214ada200004c,2021-01-26 01:08:32,022174070214,,1.0,1.0,54943462e4b07e684157a532
600fb2060a720f053500004b,2021-01-26 01:09:10,021000037186,,9.0,89.91,600fb1ac73c60b12049027bb
600fb21c0a7214ada2000055,2021-01-26 01:09:32,029000012578,,5.0,49.95,600fb1ac73c60b12049027bb
600fb1e20a720f0535000047,2021-01-26 01:08:34,022174070214,,1.0,1.0,54943462e4b07e684157a532
600fb1fd0a720f053500004a,2021-01-26 01:09:01,025400076363,,10.0,10.0,600fb1ac73c60b12049027bb
600fb20b0a7214ada2000051,2021-01-26 01:09:15,043000204405,,1.0,9.99,600fb1ac73c60b12049027bb
6011f39c0a720f05350000b4,2021-01-27 18:13:32,4011,,2.0,1.0,6011f31ea4b74c18d3a8c476
6010bdfa0a7214ada200005a,2021-01-26 20:12:26,013562300631,,5.0,50.0,6010bddaa4b74c120bd19dfb
6010be200a7214ada200005e,2021-01-26 20:13:04,4011,,1.0,1.0,54943462e4b07e684157a532
6011f3490a7214ada200010e,2021-01-27 18:12:09,4011,,2.0,11.0,6011f31ea4b74c18d3a8c476
60118c0f0a7214ada200007e,2021-01-27 10:51:43,4011,,4.0,21.0,60118c0fa4b74c18d3a8c151
60118bea0a720f0535000064,2021-01-27 10:51:06,4011,,1.0,3.25,60118beaa4b74c18d3a8c0f8
60118c150a720f053500006d,2021-01-27 10:51:49,4011,,4.0,25.0,60118c0fa4b74c18d3a8c151
6010be3f0a7214ada2000063,2021-01-26 20:13:35,,MISSION,1.0,2.23,6010bddaa4b74c120bd19dfb
6010bdf60a7214ada2000059,2021-01-26 20:12:22,4011,,1.0,3.25,6010bdf673c60b120490404e
60118c3b0a7214ada2000089,2021-01-27 10:52:27,,,3.0,3.0,60118bcfa4b74c18d3a8c0d7
6010be5a0a720f053500005a,2021-01-26 20:14:02,016000493025,,1.0,1.0,6010bddaa4b74c120bd19dfb
6011f4380a720f05350000b9,2021-01-27 18:16:08,4011,,1.0,1.0,6011f31ea4b74c18d3a8c476
6010be180a7214ada200005d,2021-01-26 20:12:56,075925306254,,1.0,1.0,6010be18a4b74c120bd19e43
6010bdef0a720f0535000053,2021-01-26 20:12:15,079400066619,,1.0,1.0,6010bddaa4b74c120bd19dfb
6010bdfd0a720f0535000055,2021-01-26 20:12:29,2700710686201,BRAND,1.0,10.0,6010bddaa4b74c120bd19dfb
6010be0a0a7214ada200005b,2021-01-26 20:12:42,2700710686201,BRAND,1.0,10.0,6010bddaa4b74c120bd19dfb
5fa8d5790a7214adc30001c4,2020-11-09 00:36:57,075925306254,,6.0,14.0,5fa8d542b055fd1dfdf09517
60118bd30a720f0535000062,2021-01-27 10:50:43,4011,,2.0,11.0,54943462e4b07e684157a532
6011f3390a720f05350000af,2021-01-27 18:11:53,4011,,1.0,29.0,6011f33173c60b1804ce1102
6010be1c0a720f0535000057,2021-01-26 20:13:00,075925306254,,5.0,13.0,6010be1c73c60b1204904079
60118c340a720f0535000073,2021-01-27 10:52:20,,MISSION,1.0,2.23,60118bcfa4b74c18d3a8c0d7
60118be80a7214ada2000075,2021-01-27 10:51:04,4011,,1.0,1.0,60118bcfa4b74c18d3a8c0d7
6010be460a7214ada2000066,2021-01-26 20:13:42,,,3.0,3.0,6010bddaa4b74c120bd19dfb
6011f33a0a7214ada200010b,2021-01-27 18:11:54,4011,,1.0,20.0,6011f33173c60b1804ce1102
60118be20a7214ada2000074,2021-01-27 10:50:58,079400066619,,1.0,1.0,60118bcfa4b74c18d3a8c0d7
6011f3360a7214ada2000109,2021-01-27 18:11:50,4011,,5.0,21.0,6011f33173c60b1804ce1102
60118c0a0a720f0535000067,2021-01-27 10:51:38,4011,,6.0,28.0,60118c09a4b74c18d3a8c12e
60118bf90a7214ada2000079,2021-01-27 10:51:21,016000147096,BRAND,1.0,10.0,60118bcfa4b74c18d3a8c0d7
5fa8d5730a7214adc30001c3,2020-11-09 00:36:51,075925306254,,11.0,1.0,5fa8d573770b516dda4f4d21
6010be6a0a720f053500005c,2021-01-26 20:14:18,4011,,4.0,22.0,6010be6673c60b12049040ef
6012e64e0a720f05f8000031,2021-01-28 11:29:02,036000320893,,4.0,84.0,5fa41775898c7a11a6bcef3e
6012e66c0a720f05f800004d,2021-01-28 11:29:32,036000320893,,4.0,84.0,5fa41775898c7a11a6bcef3e
6012e65b0a720f05f800003d,2021-01-28 11:29:15,036000320893,,4.0,84.0,5fa41775898c7a11a6bcef3e
6013410c0a7214ad5000002a,2021-01-28 17:56:12,036000320893,,4.0,84.0,5fa41775898c7a11a6bcef3e
601340ff0a7214ad50000024,2021-01-28 17:55:59,036000320893,,4.0,84.0,5fa41775898c7a11a6bcef3e
6012ea2d0a720f05f8000068,2021-01-28 11:45:33,036000495737,HUGGIES,2.0,29.98,6012e1e6a4b74c3cbc516088
60132b1f0a7214ad5000000c,2021-01-28 16:22:39,4011,,1.0,1.0,60132acb73c60b3ca7f3ba32
60132ae40a7214ad50000007,2021-01-28 16:21:40,070470400235,BRAND,1.0,10.0,60132acb73c60b3ca7f3ba32
60132aef0a720f05f800006d,2021-01-28 16:21:51,070470400235,BRAND,1.0,10.0,60132acb73c60b3ca7f3ba32
601341150a7214ad5000002e,2021-01-28 17:56:21,036000320893,,4.0,84.0,5fa41775898c7a11a6bcef3e
6012e6380a720f05f800001c,2021-01-28 11:28:40,036000320893,,4.0,84.0,5fa41775898c7a11a6bcef3e
6012e62d0a720f05f8000012,2021-01-28 11:28:29,036000320893,,4.0,84.0,5fa41775898c7a11a6bcef3e
601341040a7214ad50000026,2021-01-28 17:56:04,036000320893,,4.0,84.0,5fa41775898c7a11a6bcef3e
6012e64f0a720f05f8000032,2021-01-28 11:29:03,036000320893,,4.0,84.0,5fa41775898c7a11a6bcef3e
601340fc0a720f05f8000089,2021-01-28 17:55:56,036000320893,,4.0,84.0,5fa41775898c7a11a6bcef3e
60132b740a7214ad50000012,2021-01-28 16:24:04,4011,,2.0,1.0,60132acb73c60b3ca7f3ba32
6012e6430a720f05f8000026,2021-01-28 11:28:51,036000320893,,4.0,84.0,5fa41775898c7a11a6bcef3e
60132b860a720f05f8000075,2021-01-28 16:24:22,4011,,1.0,24.0,60132b85a4b74c3cbc516295
601341160a720f05f8000095,2021-01-28 17:56:22,036000320893,,4.0,84.0,5fa41775898c7a11a6bcef3e
6012e6750a720f05f8000055,2021-01-28 11:29:41,036000320893,,4.0,84.0,5fa41775898c7a11a6bcef3e
6012e6620a720f05f8000043,2021-01-28 11:29:22,036000320893,,4.0,84.0,5fa41775898c7a11a6bcef3e
6012e6840a720f05f8000063,2021-01-28 11:29:56,036000320893,,4.0,84.0,5fa41775898c7a11a6bcef3e
6012e6210a720f05f8000007,2021-01-28 11:28:17,036000320893,,4.0,84.0,5fa41775898c7a11a6bcef3e
6012e6710a720f05f8000051,2021-01-28 11:29:37,036000320893,,4.0,84.0,5fa41775898c7a11a6bcef3e
600f2fc80a720f0535000030,2021-01-25 15:53:28,,BETTY CROCKER,689.0,4566.17,600f29a64329897eac239049
60132b890a7214ad50000013,2021-01-28 16:24:25,,,0.0,0.0,60132b8873c60b3ca7f3bae8
6012e6850a720f05f8000064,2021-01-28 11:29:57,036000320893,,4.0,84.0,5fa41775898c7a11a6bcef3e
60132b960a720f05f800007a,2021-01-28 16:24:38,4011,,4.0,20.0,60132b8b73c60b3ca7f3baee
6012e6660a720f05f8000047,2021-01-28 11:29:26,036000320893,,4.0,84.0,5fa41775898c7a11a6bcef3e
6013410f0a720f05f8000092,2021-01-28 17:56:15,036000320893,,4.0,84.0,5fa41775898c7a11a6bcef3e
601443720a7214ad50000063,2021-01-29 12:18:42,079400066619,,1.0,1.0,601442ce67804a1228b1dc41
601448f30a720f05f80000d9,2021-01-29 12:42:11,043000006283,,5.0,25.0,6014485b84231211ce793d79
601431db0a720f05f80000a8,2021-01-29 11:03:39,4011,,2.0,1.0,6014319173c60b3ca7f3bf01
601443600a7214ad50000060,2021-01-29 12:18:24,,,1.0,10.0,6014436084231211ce793ced
60145a3d0a7214ad50000082,2021-01-29 13:55:57,4011,,1.0,1.0,60145a3c84231211ce796c5d
60144aee0a720f05f80000f1,2021-01-29 12:50:38,021000018710,,1.0,1.0,6014499c67804a1228b1f5b0
601431e40a7214ad50000041,2021-01-29 11:03:48,,MISSION,,2.23,6014319173c60b3ca7f3bf01
60147ba00a7214ad500000d3,2021-01-29 16:18:24,036000162905,HUGGIES,5.0,99.95,60147a84c8b50e11d8453f29
601465b00a7214ad5000009f,2021-01-29 14:44:48,4011,,1.0,28.0,601465a884231211ce796db3
60145a540a720f05f8000116,2021-01-29 13:56:20,,,0.0,0.0,60145a5467804a1228b20ded
601472e20a7214ad500000ce,2021-01-29 15:41:06,036000320893,,4.0,84.0,60145ff384231211ce796d51
601442dd0a7214ad50000054,2021-01-29 12:16:13,4011,,1.0,1.0,601442ce67804a1228b1dc41
601443310a720f05f80000c6,2021-01-29 12:17:37,016000898264,BRAND,1.0,10.0,601442ce67804a1228b1dc41
60145a510a7214ad50000086,2021-01-29 13:56:17,4011,,1.0,10.0,60145a5167804a1228b20ddd
60145a960a7214ad50000095,2021-01-29 13:57:25,4011,,2.0,1.0,60145a3c84231211ce796c5d
601465f40a720f05f8000137,2021-01-29 14:45:56,007940018942,BRAND,1.0,10.0,6014658e67804a1228b20ef4
60145a830a7214ad5000008f,2021-01-29 13:57:07,4011,,2.0,11.0,60145a3c84231211ce796c5d
601432400a7214ad50000043,2021-01-29 11:05:20,079400066619,,1.0,1.0,6014319173c60b3ca7f3bf01
601442570a7214ad5000004b,2021-01-29 12:13:59,021000049325,,1.0,1.0,54943462e4b07e684157a532
601455a80a720f05f8000107,2021-01-29 13:36:24,4011,,2.0,1.0,6014554a67804a1228b20ca9
601455820a720f05f80000fb,2021-01-29 13:35:46,4011,,1.0,10.0,6014558284231211ce796b88
6014323b0a720f05f80000b2,2021-01-29 11:05:15,4011,,2.0,11.0,54943462e4b07e684157a532
601442710a720f05f80000bb,2021-01-29 12:14:25,025800020300,,5.0,25.0,601441a984231211ce792603
6014435e0a720f05f80000d1,2021-01-29 12:18:22,4011,,1.0,28.0,6014435467804a1228b1dcaf
60144adf0a720f05f80000ef,2021-01-29 12:50:23,021000024582,,1.0,10.0,6014499c67804a1228b1f5b0
601455900a720f05f8000102,2021-01-29 13:36:00,4011,,5.0,21.0,6014558767804a1228b20d00
601448fe0a720f05f80000df,2021-01-29 12:42:22,600699001564,,1.0,1.0,6014485b84231211ce793d79
60146fbd0a7214ad500000ba,2021-01-29 15:27:41,025155000149,,5.0,49.95,60146f2ac8b50e11d8452661
601836c70a720f05f8000364,2021-02-01 12:13:43,4011,,2.0,23.0,601836c2c8b50e11d8454b58
601485340a720f05f8000167,2021-01-29 16:59:16,036000320893,,1.0,20.99,60147d2ac8b50e11d8453f53
601830cd0a720f05f800034f,2021-02-01 11:48:13,,,0.0,0.0,601830cdc8b50e11d8454a6f
601485370a720f05f8000172,2021-01-29 16:59:19,036000320893,,1.0,20.98,60147d2ac8b50e11d8453f53
60182f290a720f05f800032f,2021-02-01 11:41:13,4011,,1.0,1.0,60182f1dc8b50e11d84548c4
601890c70a7214ad28000028,2021-02-01 18:37:43,4011,,1.0,1.0,601890689a1b091205b61c87
60183c850a7214ad50000308,2021-02-01 12:38:13,4011,,3.0,27.0,60183c839a1b091205b61aca
601830ce0a7214ad500002df,2021-02-01 11:48:14,4011,,5.0,28.0,601830ce9a1b091205b618e8
60182f370a720f05f8000335,2021-02-01 11:41:27,4011,,2.0,1.0,60182f1dc8b50e11d84548c4
60182d8c0a720f05f8000318,2021-02-01 11:34:20,4011,,1.0,1.0,60182d6dc8b50e11d84547b2
601830d30a7214ad500002e1,2021-02-01 11:48:19,4011,,4.0,29.0,601830ce9a1b091205b618e8
6018369f0a7214ad500002f1,2021-02-01 12:13:03,4011,,1.0,1.0,601836829a1b091205b6194d
601830a70a7214ad500002d3,2021-02-01 11:47:35,,,3.0,3.0,60183090c8b50e11d84549c0
60182f610a720f05f800033e,2021-02-01 11:42:09,079400066619,,1.0,1.0,60182f1dc8b50e11d84548c4
601890b80a7214ad28000020,2021-02-01 18:37:28,4011,,4.0,25.0,601890b2c8b50e11d8454e82
601485370a720f05f8000175,2021-01-29 16:59:19,036000320893,,1.0,21.0,60147d2ac8b50e11d8453f53
601890d50a720f05f4000057,2021-02-01 18:37:57,016000128620,BRAND,1.0,10.0,601890689a1b091205b61c87
6014853a0a7214ad50000106,2021-01-29 16:59:22,036000320893,,1.0,20.95,60147d2ac8b50e11d8453f53
60189c850a7214ad28000034,2021-02-01 19:27:49,075925306254,,1.0,1.0,60189c859a1b091205b61de1
60189c980a7214ad28000040,2021-02-01 19:28:08,4011,,4.0,26.0,60189c94c8b50e11d8454f6b
60189c9c0a7214ad28000045,2021-02-01 19:28:12,4011,,5.0,27.0,60189c94c8b50e11d8454f6b
60189cc00a720f05f4000063,2021-02-01 19:28:48,013562300631,,5.0,50.0,60189c74c8b50e11d8454eff
60189c990a7214ad28000041,2021-02-01 19:28:09,4011,,4.0,21.0,60189c94c8b50e11d8454f6b
60189c920a7214ad2800003a,2021-02-01 19:28:02,,,0.0,0.0,60189c92c8b50e11d8454f5d
5fb1bd510a7214ad890000e3,2020-11-15 18:44:17,075925306254,,11.0,1.0,5fb1bd519c09d811e5211cef
60189ca00a7214ad28000048,2021-02-01 19:28:16,4011,,1.0,1.0,54943462e4b07e684157a532
60189c750a720f05f400005d,2021-02-01 19:27:33,4011,,2.0,11.0,54943462e4b07e684157a532
60189c900a7214ad28000038,2021-02-01 19:28:00,4011,,1.0,10.0,60189c90c8b50e11d8454f49
60189cc10a7214ad28000050,2021-02-01 19:28:49,070470149394,BRAND,1.0,10.0,60189c74c8b50e11d8454eff
60189c7d0a7214ad28000030,2021-02-01 19:27:41,4011,,1.0,1.0,60189c74c8b50e11d8454eff
60189cae0a7214ad2800004f,2021-02-01 19:28:30,,MISSION,1.0,2.23,60189c74c8b50e11d8454eff
60189cb40a720f05f4000060,2021-02-01 19:28:36,,,3.0,3.0,60189c74c8b50e11d8454eff
60189cbe0a720f05f4000062,2021-02-01 19:28:46,4011,,2.0,11.0,60189c74c8b50e11d8454eff
5fb2da580a7214ad89000114,2020-11-16 15:00:24,075925306254,,11.0,1.0,5fb2da582357ec11d4ecc403
601aaf580a7214ad280001ca,2021-02-03 09:12:40,043000080443,,5.0,25.0,601aaebde409201029849b3c
601aaf7a0a720f05f40001e8,2021-02-03 09:13:14,013000009263,,1.0,9.99,601aaebde409201029849b3c
601ac1d80a720f05f40001fe,2021-02-03 10:31:36,021000045006,,1.0,1.0,54943462e4b07e684157a532
601aaf710a720f05f40001e6,2021-02-03 09:13:05,029000019416,,4.0,4.66,601aaebde409201029849b3c
601c68b50a720f05f40002c8,2021-02-04 16:35:49,4011,,2.0,1.0,601c6887969c0b11f7d0c81f
601c68ce0a7214ad280002d6,2021-02-04 16:36:14,4011,,8.0,29.0,601c68ce29c30a1227ada468
601c2c3a0a720f05f40002a2,2021-02-04 12:17:46,087684009338,,1.0,9.99,601c2c05969c0b11f7d0b097
601c2c540a720f05f40002a4,2021-02-04 12:18:12,021000054602,,1.0,10.0,601c2c05969c0b11f7d0b097
601c68c70a7214ad280002d2,2021-02-04 16:36:07,4011,,1.0,1.0,601c6887969c0b11f7d0c81f
601d7c000a7214ad590002a1,2021-02-05 12:10:24,,,,28.57,59c124bae4b0299e55b0f330
601d7c180a720f05540002fd,2021-02-05 12:10:48,,,,28.57,59c124bae4b0299e55b0f330
601d77170a720f053c00000a,2021-02-05 11:49:27,,,,28.57,59c124bae4b0299e55b0f330
601d7b8e0a720f0554000079,2021-02-05 12:08:30,,,,28.57,59c124bae4b0299e55b0f330
601d7d580a7214ad59000928,2021-02-05 12:16:08,,,,28.57,59c124bae4b0299e55b0f330
601d7cf90a720f055400070e,2021-02-05 12:14:33,,,,28.57,59c124bae4b0299e55b0f330
601d77180a720f053c00000f,2021-02-05 11:49:28,,,,28.57,59c124bae4b0299e55b0f330
601d7d540a720f05540008a6,2021-02-05 12:16:04,,,,28.57,59c124bae4b0299e55b0f330
601d7ba00a720f05540000d2,2021-02-05 12:08:48,,,,28.57,59c124bae4b0299e55b0f330
601d7bb60a7214ad59000141,2021-02-05 12:09:10,,,,28.57,59c124bae4b0299e55b0f330
601d7cd30a720f0554000663,2021-02-05 12:13:55,,,,28.57,59c124bae4b0299e55b0f330
601d7b730a720f0554000006,2021-02-05 12:08:03,,,,28.57,59c124bae4b0299e55b0f330
601d7d340a7214ad5900086c,2021-02-05 12:15:32,,,,28.57,59c124bae4b0299e55b0f330
601d7c1e0a720f055400031a,2021-02-05 12:10:54,,,,28.57,59c124bae4b0299e55b0f330
601d7c300a7214ad59000384,2021-02-05 12:11:12,,,,28.57,59c124bae4b0299e55b0f330
601d7ca40a720f055400058b,2021-02-05 12:13:08,,,,28.57,59c124bae4b0299e55b0f330
601d7b770a720f0554000016,2021-02-05 12:08:07,,,,28.57,59c124bae4b0299e55b0f330
601d7bb60a720f055400013a,2021-02-05 12:09:10,,,,28.57,59c124bae4b0299e55b0f330
601d7c7f0a7214ad590004f2,2021-02-05 12:12:31,,,,28.57,59c124bae4b0299e55b0f330
601d7d2c0a720f05540007fa,2021-02-05 12:15:24,,,,28.57,59c124bae4b0299e55b0f330
601d7d230a720f05540007ce,2021-02-05 12:15:15,,,,28.57,59c124bae4b0299e55b0f330
601d7c500a720f0554000409,2021-02-05 12:11:44,,,,28.57,59c124bae4b0299e55b0f330
601d7c960a7214ad59000564,2021-02-05 12:12:54,,,,28.57,59c124bae4b0299e55b0f330
601d75dd0a720f05a9000004,2021-02-05 11:44:13,,,,28.57,59c124bae4b0299e55b0f330
601d7c480a720f05540003e0,2021-02-05 12:11:36,,,,28.57,59c124bae4b0299e55b0f330
601d7c280a7214ad5900035c,2021-02-05 12:11:04,,,,28.57,59c124bae4b0299e55b0f330
601d7cd50a7214ad5900069f,2021-02-05 12:13:57,,,,28.57,59c124bae4b0299e55b0f330
601d7b840a720f055400004e,2021-02-05 12:08:20,,,,28.57,59c124bae4b0299e55b0f330
601ead690a720f053c000092,2021-02-06 09:53:29,043000058404,,4.0,4.66,601ead00b57b8a12187fce78
601ead5b0a720f053c00008f,2021-02-06 09:53:15,087684004449,,4.0,4.66,601ead00b57b8a12187fce78
602176c90a7214d8e9000028,2021-02-08 12:37:13,4011,,1.0,1.0,6021768799409b11fcf8987f
602299b40a720f05a80000bc,2021-02-09 09:18:28,4011,,2.0,1.0,6022998599409b11fcf89c53
602299ad0a7214d8e90000d7,2021-02-09 09:18:21,4011,,1.0,1.0,6022998599409b11fcf89c53
6024024b0a7214d8e900018d,2021-02-10 10:56:59,013000006187,,5.0,25.0,602401f1c081001222409ad6
602454340a720f05a80001ae,2021-02-10 16:46:28,,,2.0,5.88,60245433efa60112282c1859
6024024b0a7214d8e900018c,2021-02-10 10:56:59,021000024674,,5.0,25.0,602401f1c081001222409ad6
602429930a720f05a800018b,2021-02-10 13:44:35,013000799102,,5.0,49.95,6024291f58b989121e6bad5f
602402750a720f05a800016f,2021-02-10 10:57:41,043000048528,,5.0,49.95,602401f1c081001222409ad6
602429640a720f05a8000187,2021-02-10 13:43:48,021000030453,,1.0,1.0,54943462e4b07e684157a532
602439950a7214d8e90001c2,2021-02-10 14:52:53,022174070214,,1.0,1.0,54943462e4b07e684157a532
602402600a7214d8e9000195,2021-02-10 10:57:20,071159001750,,4.0,4.66,602401f1c081001222409ad6
602558b60a7214d8e9000266,2021-02-11 11:17:58,4011,,5.0,26.0,602558b1efa60114d20e5dc7
6025386a0a7214d8e9000241,2021-02-11 09:00:10,4011,,2.0,1.0,60253861efa6017a44dc6b50
602538b30a7214d8e9000248,2021-02-11 09:01:23,042800108005,BRAND,1.0,10.0,60253861efa6017a44dc6b50
602538740a7214d8e9000246,2021-02-11 09:00:20,,MISSION,1.0,2.23,60253861efa6017a44dc6b50
602538920a720f05a8000216,2021-02-11 09:00:50,4011,,5.0,20.0,60253891b54593795bf69242
602558a90a720f05a8000240,2021-02-11 11:17:45,4011,,2.0,1.0,60255883efa60114d20e5d4e
602538960a720f05a800021b,2021-02-11 09:00:53,4011,,2.0,23.0,60253891b54593795bf69242
602558b40a7214d8e9000263,2021-02-11 11:17:56,4011,,2.0,26.0,602558b1efa60114d20e5dc7
60268cab0a7214d8e9000315,2021-02-12 09:11:55,4011,,2.0,11.0,54943462e4b07e684157a532
60268caf0a720f05a80002e2,2021-02-12 09:11:59,079400066619,,1.0,1.0,60268c69efa6011bb151075f
60268c7e0a7214d8e9000309,2021-02-12 09:11:10,4011,,3.0,29.0,60268c7bb545931ac63683af
60268c790a7214d8e9000306,2021-02-12 09:11:05,4011,,1.0,25.0,60268c78efa6011bb151077d
603983e20a7217c72c000138,2021-02-26 18:27:30,B076FJ92M4,,2.0,34.96,5fc961c3b8cfca11a077dd33
603973f80a720fde100000e3,2021-02-26 17:19:36,B076FJ92M4,,2.0,34.96,5fc961c3b8cfca11a077dd33
603978600a7217c72c00010b,2021-02-26 17:38:24,B08BGBHHP6,,2.0,25.58,5fc961c3b8cfca11a077dd33
603977e70a720fde100000e8,2021-02-26 17:36:23,665290001184,,1.0,3.99,5fc961c3b8cfca11a077dd33
603a2a470a720fde10000197,2021-02-27 06:17:27,B076FJ92M4,,2.0,34.96,5fc961c3b8cfca11a077dd33
603a327b0a7217c72c0001d1,2021-02-27 06:52:27,B076FJ92M4,,2.0,34.96,5fc961c3b8cfca11a077dd33
603a54770a720fde100001bd,2021-02-27 09:17:27,B076FJ92M4,,2.0,34.96,5fc961c3b8cfca11a077dd33
6039f3340a720fde1000016f,2021-02-27 02:22:28,B076FJ92M4,,2.0,34.96,5fc961c3b8cfca11a077dd33
6039be770a720fde10000143,2021-02-26 22:37:27,B076FJ92M4,,2.0,34.96,5fc961c3b8cfca11a077dd33
6039d4bc0a7217c72c000184,2021-02-27 00:12:28,B076FJ92M4,,2.0,34.96,5fc961c3b8cfca11a077dd33
603995740a720fde10000120,2021-02-26 19:42:28,B076FJ92M4,,2.0,34.96,5fc961c3b8cfca11a077dd33
603a698f0a720fde100001d1,2021-02-27 10:47:27,B076FJ92M4,,2.0,34.96,5fc961c3b8cfca11a077dd33
603a86df0a720fde100001e3,2021-02-27 12:52:31,B076FJ92M4,,2.0,34.96,5fc961c3b8cfca11a077dd33
6039f7e30a7217c72c00019a,2021-02-27 02:42:27,B076FJ92M4,,2.0,34.96,5fc961c3b8cfca11a077dd33
603aab2f0a7217c72c00023a,2021-02-27 15:27:27,B076FJ92M4,,2.0,34.96,5fc961c3b8cfca11a077dd33
603b9a3f0a720fde100002d3,2021-02-28 08:27:27,B076FJ92M4,,2.0,34.96,5fc961c3b8cfca11a077dd33
603af1800a7217c72c00027b,2021-02-27 20:27:28,B076FJ92M4,,2.0,34.96,5fc961c3b8cfca11a077dd33
603c25b30a720fde1000035b,2021-02-28 18:22:27,B076FJ92M4,,2.0,34.96,5fc961c3b8cfca11a077dd33
603b2c1a0a7217c72c0002a9,2021-02-28 00:37:30,B076FJ92M4,,2.0,34.96,5fc961c3b8cfca11a077dd33
603bd1570a7217c72c000337,2021-02-28 12:22:31,B076FJ92M4,,2.0,34.96,5fc961c3b8cfca11a077dd33
603bcdd00a7217c72c000335,2021-02-28 12:07:28,B076FJ92M4,,2.0,34.96,5fc961c3b8cfca11a077dd33
603b0b4a0a720fde1000024e,2021-02-27 22:17:30,B076FJ92M4,,2.0,34.96,5fc961c3b8cfca11a077dd33
603bdbe10a7217c72c00033e,2021-02-28 13:07:29,B076FJ92M4,,2.0,34.96,5fc961c3b8cfca11a077dd33
603b77170a7217c72c0002e6,2021-02-28 05:57:27,B076FJ92M4,,2.0,34.96,5fc961c3b8cfca11a077dd33
603b4f3f0a7217c72c0002c9,2021-02-28 03:07:27,B076FJ92M4,,2.0,34.96,5fc961c3b8cfca11a077dd33
603c0ac20a7217c72c00035c,2021-02-28 16:27:30,B076FJ92M4,,2.0,34.96,5fc961c3b8cfca11a077dd33
603afc0e0a720fde10000243,2021-02-27 21:12:30,B076FJ92M4,,2.0,34.96,5fc961c3b8cfca11a077dd33
603adfeb0a7217c72c000265,2021-02-27 19:12:27,B076FJ92M4,,2.0,34.96,5fc961c3b8cfca11a077dd33
603aeba50a7217c72c000272,2021-02-27 20:02:29,B076FJ92M4,,2.0,34.96,5fc961c3b8cfca11a077dd33
603cbbb50a720fde100003e3,2021-03-01 05:02:29,B076FJ92M4,,2.0,34.96,5fc961c3b8cfca11a077dd33
603d30e60a7217c72c00043f,2021-03-01 13:22:30,B076FJ92M4,,2.0,34.96,5fc961c3b8cfca11a077dd33
603d5d6c0a7217c72c000463,2021-03-01 16:32:28,B076FJ92M4,,2.0,34.96,5fc961c3b8cfca11a077dd33
603d59e70a7217c72c00045f,2021-03-01 16:17:27,B076FJ92M4,,2.0,34.96,5fc961c3b8cfca11a077dd33
603d40250a720fde10000459,2021-03-01 14:27:33,B076FJ92M4,,2.0,34.96,5fc961c3b8cfca11a077dd33
603c88240a7217c72c0003b8,2021-03-01 01:22:28,B076FJ92M4,,2.0,34.96,5fc961c3b8cfca11a077dd33
603cba880a7217c72c0003e0,2021-03-01 04:57:28,B076FJ92M4,,2.0,34.96,5fc961c3b8cfca11a077dd33
603cd57d0a7217c72c0003f6,2021-03-01 06:52:29,B076FJ92M4,,2.0,34.96,5fc961c3b8cfca11a077dd33
603c7c6c0a7217c72c0003b3,2021-03-01 00:32:28,B076FJ92M4,,2.0,34.96,5fc961c3b8cfca11a077dd33
603c3d240a720fde10000373,2021-02-28 20:02:28,B076FJ92M4,,2.0,34.96,5fc961c3b8cfca11a077dd33
603cc2bc0a720fde100003e9,2021-03-01 05:32:28,B076FJ92M4,,2.0,34.96,5fc961c3b8cfca11a077dd33
603cc0630a720fde100003e6,2021-03-01 05:22:27,B076FJ92M4,,2.0,34.96,5fc961c3b8cfca11a077dd33
603ce7100a7217c72c000405,2021-03-01 08:07:28,B076FJ92M4,,2.0,34.96,5fc961c3b8cfca11a077dd33
